chain,chain_idx,global_idx,nll
A,19,18,1.042796
A,20,19,2.444608
A,21,20,1.912356
A,22,21,2.054116
A,23,22,0.389352
A,24,23,2.445349
A,25,24,3.349491
A,26,25,2.791133
A,27,26,2.274847
A,28,27,0.134688
A,29,28,2.913515
A,324,323,0.703674
A,325,324,2.665816
A,326,325,0.130800
A,353,352,1.631471
A,354,353,0.670854
A,355,354,1.928256
